{"cameraMode":{"drawMode":0,"name":"Shaded","section":"Shading Mode"},"sceneLighting":true,"audioPlay":false,"sceneViewState":{"m_AlwaysRefresh":false,"showFog":true,"showSkybox":true,"showFlares":true,"showImageEffects":true,"showParticleSystems":true,"showVisualEffectGraphs":true,"m_FxEnabled":true},"in2DMode":false,"pivot":{"x":14.668649673461914,"y":11.285138130187989,"z":-8.458230972290039},"rotation":{"x":0.18965770304203034,"y":0.0032493402250111105,"z":-0.0006293538026511669,"w":0.9818704724311829},"size":16.158437728881837,"orthographic":false}